Name,Maths,Science,English,Total,Average,Result
Aman,78,85.0,80.0,243.0,81.0,Pass
Riya,90,88.0,73.5,251.5,83.83333333333333,Pass
Kunal,45,40.0,50.0,135.0,45.0,Fail
Sneha,95,92.0,94.0,281.0,93.66666666666667,Pass
Pooja,60,76.25,70.0,206.25,68.75,Pass
